Strain Name	PB2	PB1	PA	HA	NP	NA	MP	NS
A/swine/Spain/45700-1/2016	MF872810	MF872820	MF872849	MF872838	MF872821	MF872827	MF872850	MF872816
A/swine/Spain/40250-2/2016	MF872848	MF872857	MF872812	MF872844	MF872830	MF872811	MF872805	MF872839
A/swine/Spain/40192-1/2016	MF872813	MF872840	MF872834	MF872853	MF872819	MF872814	MF872856	MF872843
A/swine/Spain/40250-1/2016	MF872831	MF872808	MF872854	MF872846	MF872833	MF872806	MF872845	MF872828
A/swine/Spain/45700-2/2016	MZ363751		MZ363752	MZ363753	MZ363754	MZ363755	MZ363756	MZ363757
A/swine/Spain/40240-1/2017	MF872804	MF872837	MF872842	MF872832	MF872851	MF872822	MF872835	MF872825
A/swine/Spain/45690-2/2016	MF872829	MF872817	MF872841	MF872818	MF872815	MF872852	MF872847	MF872824
A/swine/Spain/45600-1/2017	MZ945806	MZ945807	MZ945808	MZ945809	MZ945810	MZ945811	MZ945812	MZ945813
A/swine/Spain/45600-2/2017	MZ945737	MZ945738	MZ945739	MZ945740	MZ945741	MZ945742	MZ945743	MZ945744
A/swine/Spain/45600-3/2017	MZ945745	MZ945746	MZ945747	MZ945748	MZ945749	MZ945750	MZ945751	MZ945752
A/swine/Spain/45600-4/2017	MZ945875	MZ945876	MZ945877	MZ945878	MZ945879	MZ945880	MZ945881	MZ945882
A/swine/Spain/40340-1/2017	MZ945891	MZ945892	MZ945893	MZ945894	MZ945895	MZ945896	MZ945897	MZ945898
A/swine/Spain/40340-2/2017	MZ945798	MZ945799	MZ945800	MZ945801	MZ945802	MZ945803	MZ945804	MZ945805
A/swine/Spain/40340-3/2017	MZ363758	MZ363759	MZ363760	MZ363761	MZ363762	MZ363763	MZ363764	MZ363765
A/swine/Spain/45690-3/2018	MZ945883	MZ945884	MZ945885	MZ945886	MZ945887	MZ945888	MZ945889	MZ945890
A/swine/Spain/45690-4/2018	MZ945851	MZ945852	MZ945853	MZ945854	MZ945855	MZ945856	MZ945857	MZ945858
A/swine/Spain/45690-5/2018	MZ945867	MZ945868	MZ945869	MZ945870	MZ945871	MZ945872	MZ945873	MZ945874
A/swine/Spain/45690-6/2018	MZ945859	MZ945860	MZ945861	MZ945862	MZ945863	MZ945864	MZ945865	MZ945866
A/swine/Spain/45690-7/2018	MZ945821	MZ945822	MZ945823	MZ945824	MZ945825	MZ945826	MZ945827	MZ945828
A/swine/Spain/45690-8/2018	MZ945776	MZ945777	MZ945778	MZ945779	MZ945780	MZ945781	MZ945782	MZ945783
A/swine/Spain/45690-9/2018	MZ945844	MZ954784	MZ945845	MZ945846	MZ945847	MZ945848	MZ945849	MZ945850
A/swine/Spain/6370-1/2018	PQ047761	PQ047762	PQ047763	PQ047764	PQ047765	PQ047766	PQ047767	PQ047768
A/swine/Spain/6370-2/2018	MZ945829	MZ954783	MZ945830	MZ945831	MZ945832	MZ945833	MZ945834	MZ945835
A/swine/Spain/6176-1/2018	MZ945753	MZ954785	MZ945754	MZ945755	MZ945756	MZ945757	MZ945758	MZ945759
A/swine/Spain/6370-4/2018	MZ373085	MZ462372	MZ373086	MZ373087	MZ373088	MZ373089	MZ373090	MZ373091
A/swine/Spain/6370-5/2018	MZ363774	MZ363977	MZ363775	MZ363776	MZ363777	MZ363778	MZ363779	MZ363780
A/swine/Spain/06001-1/2019	MZ373105	MZ462368	MZ373106	MZ373107	MZ373108	MZ373109	MZ373110	MZ373111
A/swine/Spain/06001-2/2019	MZ373167	MZ462370	MZ373168	MZ373169	MZ373170	MZ373171	MZ373172	MZ373173
A/swine/Spain/45534-1/2019	MZ945768	MZ945769	MZ945770	MZ945771	MZ945772	MZ945773	MZ945774	MZ945775
A/swine/Spain/45534-2/2019	MZ945836	MZ945837	MZ945838	MZ945839	MZ945840	MZ945841	MZ945842	MZ945843
A/swine/Spain/50840-1/2019	MZ373143	MZ373144	MZ373145	MZ373146	MZ373147	MZ373148	MZ373149	MZ373150
A/swine/Spain/50267-1/2019	MZ373112	MZ373113	MZ373114	MZ373115	MZ373116	MZ373117	MZ373118	MZ373119
A/swine/Spain/31174-1/2019	MZ373077	MZ373078	MZ373079	MZ373080	MZ373081	MZ373082	MZ373083	MZ373084
A/swine/Spain/50547-1/2019	MZ373069	MZ373070	MZ373071	MZ373072	MZ373073	MZ373074	MZ373075	MZ373076
A/swine/Spain/37900-1/2019	MZ373128	MZ462369	MZ373129	MZ373130	MZ373131	MZ373132	MZ373133	MZ373134
A/swine/Spain/31174-2/2019	MZ373151	MZ373152	MZ373153	MZ373154	MZ373155	MZ373156	MZ373157	MZ373158
A/swine/Spain/50001-3/2019	MW848751	MW848747		MW848749	MW848750	MW848752	MW848748	MW848746
A/swine/Spain/50001-2/2019	MW848645	MW848639	MW848638	MW848643	MW848642	MW848641	MW848640	MW848644
A/swine/Spain/000-1/2019	MW848730	MW848733	MW848731	MW848735	MW848732	MW848734	MW848736	MW848737
A/swine/Spain/31001-2/2019	MW848686		MW848685	MW848689	MW848684	MW848683	MW848688	MW848687
A/swine/Spain/06001-3/2019	MW848779	MW848776	MW848775	MW848781	MW848777	MW848778	MW848780	MW848774
A/swine/Spain/50001-6/2019	MW848383	MW848386	MW848381	MW848380	MW848385	MW848387	MW848384	MW848382
A/swine/Spain/25001-1/2019	MW848723	MW851851	MW848726	MW848728	MW848724	MW848725	MW848727	MW848729
A/swine/Spain/25001-2/2019	MW848669	MW848665	MW848667	MW848663	MW848662	MW848668	MW848666	MW848664
A/swine/Spain/50001-5/2019	MW848661	MW848657	MW848660	MW848655	MW848658	MW848656	MW848654	MW848659
A/swine/Spain/17001-1/2019		MW848708	MW848705	MW848707	MW848706		MW848704	MW848703
A/swine/Spain/25001-3/2019	MW848652	MW848650	MW848651	MW848648	MW848647	MW848649	MW848646	MW848653
A/swine/Spain/25001-4/2019	MW848713	MW851852	MW848709	MW848714	MW848710	MW848711	MW848712	MW848715
A/swine/Spain/6370-7/2020	MW848767	MW851848	MW848772	MW848773	MW848771	MW848768	MW848770	MW848769
A/swine/Spain/6370-6/2020	MW848696	MW851853	MW848697	MW848699	MW848698	MW848700	MW848702	MW848701
A/swine/Spain/6370-8/2020	PQ107519	PQ107520	PQ107521	PQ107522	PQ107523	PQ107524	PQ107525	PQ107526
A/swine/Spain/6370-9/2020	PQ107529	PQ107530	PQ107531	PQ107532	PQ107533	PQ107534	PQ107535	PQ107536
A/swine/Spain/6370-10/2020	PQ107537	PQ107538	PQ107539	PQ107540	PQ107541	PQ107542	PQ107543	PQ107544
A/swine/Spain/6370-11/2020	PQ107554	PQ107555	PQ107556	PQ107557	PQ107558	PQ107559	PQ107560	PQ107561
A/swine/Spain/22000-1/2020	MW848743	MW848744	MW848740	MW848738	MW848742	MW848745	MW848739	MW848741
A/swine/Spain/44490-1/2020	MW848628	MW848622	MW848626	MW848623	MW848624	MW848629	MW848625	MW848627
A/swine/Spain/22251-1/2020		MW848719	MW848716	MW848721	MW848718	MW848717	MW848720	MW848722
A/swine/Spain/50800-1/2020	MW848755		MW848753	MW848758	MW848757	MW848759	MW848756	MW848754
A/swine/Spain/22269-1/2020	PP338874	PP338875		PP338876	PP338877	PP338878	PP338879	PP338880
A/swine/Spain/31310-1/2020	PP330401	PP330402	PP330403	PP330404	PP330405	PP330406	PP330407	PP330408
A/swine/Spain/22070-1/2020	PP330414	PP330415		PP330416	PP330417	PP330418	PP330419	PP330420
A/swine/Spain/50070-1/2020	PP330721	PP330722	PP330723	PP330724	PP330725	PP330726	PP330727	PP330728
A/swine/Spain/32070-1/2020	PP330730	PP330731	PP330732	PP330733	PP330734	PP330735	PP330736	PP330737
A/swine/Spain/22270-1/2020	PP330763	PP330764	PP330765	PP330766	PP330767	PP330768	PP330769	PP330770
A/swine/Spain/40217-1/2020	PP331797	PP331798	PP331799	PP331800	PP331801	PP331802	PP331803	PP331804
A/swine/Spain/05165-1/2020	PP331788	PP331789	PP331790	PP331791	PP331792	PP331793	PP331794	PP331795
A/swine/Spain/22270-2/2020	PP335236	PP335237	PP335238	PP335239	PP335240	PP335241	PP335242	PP335243
A/swine/Spain/25211-1/2020	PP335491	PP335492	PP335493	PP335494	PP335495	PP335496	PP335497	PP335498
A/swine/Spain/05530-1/2020	PP335504	PP335505	PP335506	PP335507	PP335508	PP335509	PP335510	PP335511
A/swine/Spain/22220-1/2020	PQ585394	PQ585395	PQ585396	PQ585397	PQ585398	PQ585399	PQ585400	PQ585401
A/swine/Spain/28000-1/2021	PP338223	PP338224	PP338225	PP338226	PP338227	PP338228	PP338229	PP338230
A/swine/Spain/06070-1/2020	PP338238	PP338239	PP338240	PP338241	PP338242	PP338243	PP338244	PP338245
A/swine/Spain/17473-1/2021	PP338247	PP338248	PP338249	PP338250	PP338251	PP338252	PP338253	PP338254
A/swine/Spain/22253-1/2020	PP338272	PP338273	PP338274	PP338275	PP338276	PP338277	PP338278	PP338279
A/swine/Spain/41566-1/2021	PP338281	PP338282	PP338283	PP338284	PP338285	PP338286	PP338287	PP338288
A/swine/Spain/22192-1/2021	PP338511	PP338512	PP338513	PP338514	PP338515	PP338516	PP338517	PP338518
A/swine/Spain/44593-1/2021		PP338519	PP338520	PP338521	PP338522	PP338523	PP338524	PP338525
A/swine/Spain/30870-1/2021	PP338530	PP338531	PP338532	PP338533	PP338534	PP338535	PP338536	PP338537
A/swine/Spain/12312-1/2021	PP338682	PP338683	PP338684	PP338685	PP338686	PP338687	PP338688	PP338689
A/swine/Spain/22260-1/2021	PP338713	PP338714	PP338715	PP338716	PP338717	PP338718	PP338719	PP338720
A/swine/Spain/17483-1/2021	PQ107546	PQ107547	PQ107548	PQ107549	PQ107550	PQ107551	PQ107552	PQ107553
A/swine/Spain/44394-1/2021	PQ107577	PQ107578	PQ107579	PQ107580	PQ107581	PQ107582	PQ107583	PQ107584
A/swine/Spain/05165-2/2022	PQ107585	PQ107586	PQ107587	PQ107588	PQ107589	PQ107590	PQ107591	PQ107592
A/swine/Spain/37500-1/2022	PQ107595	PQ107596	PQ107597	PQ107598	PQ107599	PQ107600	PQ107601	PQ107602
A/swine/Spain/12510-1/2022	PQ107616	PQ107617	PQ107618	PQ107619	PQ107620	PQ107621	PQ107622	PQ107623
A/swine/Spain/49610-1/2022	PQ107624	PQ107625	PQ107626	PQ107627	PQ107628	PQ107629	PQ107630	PQ107631
A/swine/Spain/2247-1/2022	PQ107637	PQ107638	PQ107639	PQ107640	PQ107641	PQ107642	PQ107643	PQ107644
A/swine/Spain/31510-1/2022	PQ107645	PQ107646	PQ107647	PQ107648	PQ107649	PQ107650	PQ107651	PQ107652
A/swine/Spain/6001-4/2022	PQ108487	PQ108488	PQ108489	PQ108490	PQ108491	PQ108492	PQ108493	PQ108494
A/swine/Spain/17491-1/2022	PQ111069	PQ111070	PQ111071	PQ111072	PQ111073	PQ111074	PQ111075	PQ111075
A/swine/Spain/46892-1/2022	PQ107658	PQ107659	PQ107660	PQ107661	PQ107662	PQ107663	PQ107664	PQ107665
A/swine/Spain/5296-1/2022	PQ585327	PQ585328	PQ585329	PQ585330	PQ585331	PQ585332	PQ585333	PQ585334
A/swine/Spain/45790-1/2022	PQ107769		PQ107770	PQ107771	PQ107772	PQ107773	PQ107774	PQ107775
A/swine/Spain/36520-1/2022	PQ585340	PQ585341	PQ585342	PQ585343	PQ585344	PQ585345	PQ585346	PQ585347
A/swine/Spain/50700-1/2022	PQ107776	PQ107777	PQ107778	PQ107779	PQ107780	PQ107781	PQ107782	PQ107783
A/swine/Spain/06800-1/2020	PQ580717	PQ580718	PQ580719	PQ580720	PQ580721		PQ580722	PQ580723
A/swine/Spain/45700-1/2019	MZ373120	MZ373121	MZ373122	MZ373123	MZ373124	MZ373125	MZ373126	MZ373127
A/swine/Spain/40240-1/2019	MZ373135	MZ373136	MZ373137	MZ373138	MZ373139	MZ373140	MZ373141	MZ373142
A/swine/Spain/45690-1/2016	MF872858	MF872807	MF872809	MF872855	MF872823	MF872826	MF872836	MF872803
A/swine/Spain/45690-10/2018	MZ945760	MZ945761	MZ945762	MZ945763	MZ945764	MZ945765	MZ945766	MZ945767
A/swine/Spain/45690-11/2019	MZ363743	MZ363744	MZ363745	MZ363746	MZ363747	MZ363748	MZ363749	MZ363750
A/swine/Spain/45690-12/2019	MZ363766	MZ363767	MZ363768	MZ363769	MZ363770	MZ363771	MZ363772	MZ363773
A/swine/Spain/46001-1/2019	MZ945784		MZ945785	MZ945786	MZ945787	MZ945788	MZ945789	MZ945790
A/swine/Spain/31001-1/2019	MZ373160		MZ373161	MZ373162	MZ373163	MZ373164	MZ373165	MZ373166
A/swine/Spain/46314-1/2020	MW848675		MW848674	MW848671	MW848676	MW848672	MW848670	MW848673
A/swine/Spain/46314-2/2020	MW848634	MW848633	MW848630	MW848635	MW848631	MW848637	MW848632	MW848636
A/swine/Spain/44579-1/2020	MW848766	MW848763	ON716287	MW848761	MW848760	MW848765	MW848762	MW848764
A/wild_boar/Spain/45560-1/2021	PP338805	PP338806	PP338807	PP338808	PP338809	PP338810	PP338811	PP338812
A/swine/Spain/41410-1/2021	PP338503	PP338504	PP338505	PP338506	PP338507	PP338508	PP338509	PP338510
A/swine/Spain/6176-2/2022	PQ107608	PQ107609	PQ107610	PQ107611	PQ107612	PQ107613	PQ107614	PQ107615
A/swine/Spain/50001-4/2019	MW848681	MW851890	MW848678	PZ022955	MW848679	MW848677	MW848682	MW848680
A/swine/Spain/22210-1/2022	PQ107666	PQ107667	PQ107668		PQ107669	PQ107670	PQ107671	PQ107672
A/swine/Spain/50001-1/2019	MZ945791	MZ945792	MZ945793		MZ945795		MZ945796	MZ945797
A/swine/Spain/6370-3/2018	MZ373092	MZ462373	MZ373093		MZ373095		MZ373096	MZ373097
A/swine/Spain/F67-21-N-S/2025	PX855329.1	PX855222.1	PX855080.1	PX845313.1	PX850993.1	PX855439.1	PX851162.1	PX852134.1
A/swine/Spain/F67-26-N-S/2025	PX855330.1	PX855223.1	PX855081.1	PX845314.1	PX850994.1	PX855440.1	PX851163.1	PX852135.1
A/swine/Spain/F68-27-F-S/2025	PX855331.1	PX855224.1	PX855082.1	PX845312.1	PX851049.1	PX855441.1	PX851164.1	PX852136.1
A/swine/Spain/21290-1/2019	MZ373098	MZ462371	MZ373099	MZ373100	MZ373101	MZ373102	MZ373103	MZ373104
A/swine/Spain/F20-2-12-N/2024	PX855269	PX855161	PX855017	PX845303	PX851036	PX855376	PX851095	PX852075
A/swine/Spain/F21-13-N/2024	PX855274	PX855165	PX855022	PX845304	PX851037	PX855381	PX851100	PX852080
A/swine/Spain/F22-3-2-F/2024	PX855279	PX855170	PX855027	PX845305	PX851043	PX855386	PX851105	PX852085
A/NWS/1933				HQ008257.1				
A/Wilson-Smith/1933				HQ008259.1				
A/Bayern/7/1995				CY242091.1				
A/Scotland/15/2002				JF710743.1				
A/Scotland/25/2002				JF710745.1				
A/Baden-Wuerttemberg/20/2003				FJ231788.1				
A/Baden-Wuerttemberg/129/2003				FJ231789.1				
A/Rheinland-Pfalz/34/2003				FJ231790.1				
A/Sachsen/678/2003				FJ231791.1				
A/Stockholm/8/1992				CY112532.1				
A/Oslo/102/1999				EF670521.1				
A/Oslo/820/1999				EF670524.1				
A/Oslo/3161/99				EF670534.1				
A/Oslo/841/2000				EF670536.1				
A/Oslo/834/1999				EF670525.1				
A/Oslo/910/1999				EF670526.1				
A/Oslo/881/1999				EF670522.1				
A/Oslo/936/99				EF670538.1				
A/Scotland/230/1999				JF710760.1				
A/Scotland/211/1999				JF710759.1				
A/Scotland/262/1999				JF710761.1				
A/Netherlands/938/1991				CY113749.1				
A/Oviedo/31/1991				CY113773.1				
A/Paris/320/1991				CY113781.1				
A/Paris/325/1991				CY113789.1				
A/Paris/407/1991				CY113797.1				
A/Paris/417/1991				CY113805.1				
A/Paris/424/1991				CY113813.1				
A/Paris/457/1991				CY113821.1				
A/Paris/467/1991				CY113829.1				
A/Paris/548/1991				CY113845.1				
A/Tilburg/5957/1991				CY113925.1				
A/Paris/490/1991				CY112500.2				
A/Netherlands/3/1992				CY112581.1				
A/Netherlands/371/1993				CY112621.1				
A/Oslo/2219/1993				CY112637.1				
